author,username,text,likes,replies,created_at,language,is_pinned,id,reply_to_id,avatar_url,media_id,status,content_type,type,bit_flags,has_liked_comment,has_disliked_comment,is_liked_by_media_owner,is_ranked_comment,is_covered,did_report_as_spam,share_enabled,private_reply_status,comment_index,user_id,user_is_verified,user_is_private,user_pk,user_fbid_v2
"Lynda | Algérienne à Paris 🇩🇿🇫🇷","lynda.artofdreaming","Traduction 👇
قالو قالولي قالو قالولي
قال قال قال
قالو الناس قالولي
عليك هدرولي 
ضربوني قطعوني
ربطو نحاو قطعو
ياربي هبلوني","64","0","2026-09-03T19:34:45.000Z","","false","18104538059175602","","https://scontent.cdninstagram.com/v/t51.75761-19/499372752_18011651006727214_117646542193585823_n.jpg?stp=dst-jpg_s150x150_tt6&_nc_cat=102&ccb=7-5&_nc_sid=f7ccc5&efg=eyJ2ZW5jb2RlX3RhZyI6InByb2ZpbGVfcGljLnd3dy4xMDgwLkMzIn0%3D&_nc_ohc=2Zxa8LTGHsQQ7kNvwGKtikc&_nc_oc=AdrGf7RRnnn71n2PfNiKjVNIf31D_qKU7Sh8KRC0a2ewovxJWcDhW9qz0td1LF5Nu00&_nc_zt=24&_nc_ht=scontent.cdninstagram.com&_nc_gid=wW2cgLbRr4En3L4KM1vWtg&_nc_ss=706a8&oh=00_AQOkUGRhsX90hu1ibM5qd7dUuUXZQEIbz-0M1a1ApUGnKA&oe=6ACE43E7","3970163042905689110","Active","comment","0","0","false","false","true","true","false","false","true","0","0","51604791213","false","false","51604791213","17841451816390598"
"✨️witchy🖤✨️","_.gizemli._.kiz._","A dizan win ikren kan adikhdem la chanson thura, tekhram uk la musique kabyle 😑","161","9","2026-08-23T23:43:33.000Z","","false","18082045196695211","","https://scontent.cdninstagram.com/v/t51.82787-19/606311933_18027416153784466_491941334193842327_n.jpg?stp=dst-jpg_s150x150_tt6&_nc_cat=103&ccb=7-5&_nc_sid=f7ccc5&efg=eyJ2ZW5jb2RlX3RhZyI6InByb2ZpbGVfcGljLnd3dy4xMDgwLkMzIn0%3D&_nc_ohc=Py6X8uW3elcQ7kNvwEMj6kY&_nc_oc=AdpKmqOUrgYUWcNwIkF5_QF1dSj80h-VcZEywQd9g6x64Uq4UeszrDt_bpATbBt1yGI&_nc_zt=24&_nc_ht=scontent.cdninstagram.com&_nc_gid=wW2cgLbRr4En3L4KM1vWtg&_nc_ss=706a8&oh=00_AQOehdMaa-ngL7G_maLcBPkOIHmZ8HQr0I56GkW-zjHxOA&oe=6ACE4E0E","3970163042905689110","Active","comment","0","0","false","false","false","true","false","false","true","0","1","53658984465","false","true","53658984465","17841453533967373"
"𓆙ⵣ𝓳𝓾𝓸𝓳𝓾𝓸☯♪♬","jiji_juojuo_06","😂❤️","1","0","2026-08-24T16:21:56.000Z","","false","17900415582560763","","https://scontent.cdninstagram.com/v/t51.82787-19/831222252_17899124187670692_5302701055370910012_n.jpg?stp=dst-jpg_s150x150_tt6&_nc_cat=104&ccb=7-5&_nc_sid=f7ccc5&efg=eyJ2ZW5jb2RlX3RhZyI6InByb2ZpbGVfcGljLnd3dy4xMDgwLkMzIn0%3D&_nc_ohc=Hz1YRh0QFdAQ7kNvwE6MdpW&_nc_oc=AdobhiAYouZaPPVlJye_Rbt5U8qTSpRn_-Wn2g0IO11Am9yMsIs_5DKu0qoa1ZHwgMQ&_nc_zt=24&_nc_ht=scontent.cdninstagram.com&_nc_gid=wW2cgLbRr4En3L4KM1vWtg&_nc_ss=706a8&oh=00_AQPh1K6TAylAjYLXe_Nmud5rAMU2UBdsbQKtGym2JijAsg&oe=6ACE480D","3970163042905689110","Active","comment","0","0","false","false","false","true","false","false","true","0","2","80010646691","false","true","80010646691","17841480120741330"
"kessikahina53@gmail.com","kessikahina53gmail.com3","Bravo","1","0","2026-08-30T19:06:41.000Z","","false","18146416084553122","","https://scontent.cdninstagram.com/v/t51.82787-19/829710991_17907741651564442_9034161557136890116_n.jpg?stp=dst-jpg_s150x150_tt6&_nc_cat=105&ccb=7-5&_nc_sid=f7ccc5&efg=eyJ2ZW5jb2RlX3RhZyI6InByb2ZpbGVfcGljLnd3dy43MjAuQzMifQ%3D%3D&_nc_ohc=_UDt0zNIDQsQ7kNvwFimYwh&_nc_oc=AdpEe5iMIRpx3o78IUT90pldUurG_x_5mYLD9uKtnkKxAdC41N47M3YLNVVtjLVHmw4&_nc_zt=24&_nc_ht=scontent.cdninstagram.com&_nc_gid=wW2cgLbRr4En3L4KM1vWtg&_nc_ss=706a8&oh=00_AQN345_C5a9W1BnPFDiZTFw8uEREo7xZaetmKikfXGUNYw&oe=6ACE5BA3","3970163042905689110","Active","comment","0","0","false","false","true","true","false","false","true","0","3","76867236441","false","false","76867236441","17841476933238404"
"DrSourires","dr.sourires","'@letacofficial tu connais ?.je vous verrai bien collabrer🙌","1","0","2026-08-23T18:29:54.000Z","","false","18261667528307200","","https://scontent.cdninstagram.com/v/t51.82787-19/780909634_18111422600054511_5269096070119246945_n.jpg?stp=dst-jpg_s150x150_tt6&_nc_cat=100&ccb=7-5&_nc_sid=f7ccc5&efg=eyJ2ZW5jb2RlX3RhZyI6InByb2ZpbGVfcGljLnd3dy4xMDgwLkMzIn0%3D&_nc_ohc=zXDTzMkAJsIQ7kNvwEAz1nl&_nc_oc=Adp8nS-sE-YjsAgaUvBIXbAGn0Ul0izBaaRH2mSY2tgqPwL9HyeNvLTmmFSbswHI5fs&_nc_zt=24&_nc_ht=scontent.cdninstagram.com&_nc_gid=wW2cgLbRr4En3L4KM1vWtg&_nc_ss=706a8&oh=00_AQML3TX9qw9OkLt0n5KaGuGWRyYpTihdt50gFzGj-0fqAQ&oe=6ACE44C1","3970163042905689110","Active","comment","0","0","false","false","false","true","false","false","true","0","4","31537310510","false","false","31537310510","17841431635312163"
"ⵍⵉⴱⴰⵔⵜⴰ","yacine_bal127","Ah je kiffe amigo @laousmail 🫡✅","2","0","2026-08-23T23:23:05.000Z","","false","18005968367771408","","https://scontent.cdninstagram.com/v/t51.82787-19/731093825_18092528516374039_8662739834576193659_n.jpg?stp=dst-jpg_s150x150_tt6&_nc_cat=104&ccb=7-5&_nc_sid=f7ccc5&efg=eyJ2ZW5jb2RlX3RhZyI6InByb2ZpbGVfcGljLnd3dy45NDEuQzMifQ%3D%3D&_nc_ohc=S6mygGAb6JYQ7kNvwGPALUH&_nc_oc=Adr-scICtjQZ1xTf3h2XKyAYvb2vHZeQju6jsrzpqAuU3IcTerzLYE70nleffo52d0U&_nc_zt=24&_nc_ht=scontent.cdninstagram.com&_nc_gid=wW2cgLbRr4En3L4KM1vWtg&_nc_ss=706a8&oh=00_AQPRqktNp-7wF-1CMvbG1gMXQREK7ATA8fV66woisKwwug&oe=6ACE51AA","3970163042905689110","Active","comment","0","0","false","false","true","true","false","false","true","0","5","41053006038","false","false","41053006038","17841441221141625"
"sweet girl","lftlmjhwl1406","Bravo wlh t3ejbiyi🔥❤️","1","0","2026-09-01T18:46:41.000Z","","false","18116438681476679","","https://scontent.cdninstagram.com/v/t51.82787-19/763276527_17951747499232198_8431718347199982127_n.jpg?stp=dst-jpg_s150x150_tt6&_nc_cat=108&ccb=7-5&_nc_sid=f7ccc5&efg=eyJ2ZW5jb2RlX3RhZyI6InByb2ZpbGVfcGljLnd3dy4xMDgwLkMzIn0%3D&_nc_ohc=8vocGEi0-WoQ7kNvwEDNT_s&_nc_oc=AdpgEeruiClxi2oTYglYINl11vOpZn4lgXRrOoKqrkatSoVD-W_Yam0HMub7R0yVotc&_nc_zt=24&_nc_ht=scontent.cdninstagram.com&_nc_gid=wW2cgLbRr4En3L4KM1vWtg&_nc_ss=706a8&oh=00_AQOaKqJ1m4tmlPsog00Utx_fBwskIJZaVY9xAKZsd1kzKA&oe=6ACE5A08","3970163042905689110","Active","comment","0","0","false","false","false","true","false","false","true","0","6","67013576197","false","false","67013576197","17841466965916697"
"romii_1519","romii_1519","😂😂","0","0","2026-08-27T03:06:44.000Z","","false","18046044326606989","","https://scontent.cdninstagram.com/v/t51.82787-19/806336329_18090021740441823_4997777180048061785_n.jpg?stp=dst-jpg_s150x150_tt6&_nc_cat=107&ccb=7-5&_nc_sid=f7ccc5&efg=eyJ2ZW5jb2RlX3RhZyI6InByb2ZpbGVfcGljLnd3dy4xMDgwLkMzIn0%3D&_nc_ohc=wEAwosxY4SEQ7kNvwHH_orx&_nc_oc=Adr_GVzovlZMABIFPuDJLOSCx83iV7lMmspTUxLwEp5asUjFVA75SJZIFUr8mGfT26M&_nc_zt=24&_nc_ht=scontent.cdninstagram.com&_nc_gid=wW2cgLbRr4En3L4KM1vWtg&_nc_ss=706a8&oh=00_AQPQ5A-OScGmwXme_plezqdLv8YFuC4eySfHF6-TXZmasg&oe=6ACE38D3","3970163042905689110","Active","comment","0","0","false","false","false","true","false","false","true","0","7","43358665822","false","true","43358665822","17841443254679833"
"tata","tata37195","Et la voix c'est la classe😍🔥❤️","3","0","2026-08-23T19:01:42.000Z","","false","18130516423727767","","https://scontent.cdninstagram.com/v/t51.89012-19/573323465_1219825463302212_7278921664109726296_n.jpg?stp=dst-jpg_s150x150_tt6&_nc_cat=1&ccb=7-5&_nc_sid=f7ccc5&efg=eyJ2ZW5jb2RlX3RhZyI6InByb2ZpbGVfcGljLnd3dy5DMyJ9&_nc_ohc=nvo3H9UYO1YQ7kNvwFJzeHB&_nc_oc=AdrB9spDUEEw1b_6FrMgmOnOTj7Nl6TYZrlHUMSrscmv10_6H6Th2yBLjRk2ko4w6VY&_nc_zt=24&_nc_ht=scontent.cdninstagram.com&_nc_gid=wW2cgLbRr4En3L4KM1vWtg&_nc_ss=706a8&oh=00_AQOI2BkWrEhle3vgkrycuPzS0OO02upjbWfpFaVIZLx68A&oe=6ACE6462","3970163042905689110","Active","comment","0","0","false","false","true","true","false","false","true","0","8","39097803549","false","false","39097803549","17841438986497225"
"🦢🥀","nanee__x10","Ja3la4 achoutt la langue agi alami isli4 imeden😂😂😂😂","48","0","2026-08-24T11:06:57.000Z","","false","17955524823216953","","https://scontent.cdninstagram.com/v/t51.82787-19/841978414_18126821104874796_2519478986388921238_n.jpg?stp=dst-jpg_s150x150_tt6&_nc_cat=111&ccb=7-5&_nc_sid=f7ccc5&efg=eyJ2ZW5jb2RlX3RhZyI6InByb2ZpbGVfcGljLnd3dy4xMDgwLkMzIn0%3D&_nc_ohc=Y1rIZ-iCrLIQ7kNvwF2MbJU&_nc_oc=AdrtjehA7jzPywS-zg532VdDzaJ4YuzG2v3MNxHNy5gRVjBdD4QY9ro2WE21gtMGOTg&_nc_zt=24&_nc_ht=scontent.cdninstagram.com&_nc_gid=wW2cgLbRr4En3L4KM1vWtg&_nc_ss=706a8&oh=00_AQPxNEyrxgzU-fKCjGSa4NH1PSXPrEuX7mxbpVYqyNhpWQ&oe=6ACE3FDB","3970163042905689110","Active","comment","0","0","false","false","false","true","false","false","true","0","9","26294386795","false","true","26294386795","17841426243866798"
"Lina ᯓ★","lina_lassouef","Belle chanson, kemmel😍","7","0","2026-08-23T16:26:35.000Z","","false","18091768196345607","","https://scontent.cdninstagram.com/v/t51.82787-19/817390900_17903932695568877_6890697903698750937_n.jpg?stp=dst-jpg_s150x150_tt6&_nc_cat=106&ccb=7-5&_nc_sid=f7ccc5&efg=eyJ2ZW5jb2RlX3RhZyI6InByb2ZpbGVfcGljLnd3dy4xMDgwLkMzIn0%3D&_nc_ohc=YUjaMjy0mXIQ7kNvwFwjnUj&_nc_oc=Adp6q-87PI9LtvYioVcM_C2uBjg3vrZe2u4fafklJpufP7P8wmNDW5ux4JlwoLiNhNg&_nc_zt=24&_nc_ht=scontent.cdninstagram.com&_nc_gid=wW2cgLbRr4En3L4KM1vWtg&_nc_ss=706a8&oh=00_AQOIhnLY4R-PlGlPDjdc1_FEAAeVA-dQpJ2ZAGgCmKIz-g&oe=6ACE6007","3970163042905689110","Active","comment","0","0","false","false","true","true","false","false","true","0","10","77188264876","false","true","77188264876","17841477066298533"
"🌸 Emma 🌸🩷","emma_rima_487","Uthem3in arak akhali win i3edan diskhuzedh calma calma 😂🤏🏻","3","0","2026-08-24T21:00:30.000Z","","false","17949298851265470","","https://scontent.cdninstagram.com/v/t51.2885-19/483655749_1346879143122849_1589387148623569176_n.jpg?stp=dst-jpg_s150x150_tt6&_nc_cat=110&ccb=7-5&_nc_sid=f7ccc5&efg=eyJ2ZW5jb2RlX3RhZyI6InByb2ZpbGVfcGljLnd3dy4xMDgwLkMzIn0%3D&_nc_ohc=oJBqKG-YB3UQ7kNvwFrGo8p&_nc_oc=Ado1v932S34V7ecgH4gM5SzPuI1AQC1WX67vNzdB-SOzgbbvocTbREuoDgbWaDsvPkM&_nc_zt=24&_nc_ht=scontent.cdninstagram.com&_nc_ss=706a8&oh=00_AQNHNPO7TArNqdQkYxM62_7SWY7ZNt4H53WdbSZ3Yla3hg&oe=6ACE68F5","3970163042905689110","Active","comment","0","0","false","false","false","true","false","false","true","0","11","71707503301","false","true","71707503301","17841471739053437"
"sha_ely1","sha_ely1","افعلها افعلها افعلها افعلها","1","0","2026-08-24T00:51:01.000Z","","false","18206571847366469","","https://scontent.cdninstagram.com/v/t51.82787-19/796641199_17934253083387701_8587840568137709664_n.jpg?stp=dst-jpg_s150x150_tt6&_nc_cat=111&ccb=7-5&_nc_sid=f7ccc5&efg=eyJ2ZW5jb2RlX3RhZyI6InByb2ZpbGVfcGljLnd3dy44NzcuQzMifQ%3D%3D&_nc_ohc=ygHfrN25gJQQ7kNvwFL7aIT&_nc_oc=AdqPGnwRYXoUOpO7cQqDICnorNuyunX8rOuSeYWjyxBpwEKZ-UjL3eav1z7HPJaa6sY&_nc_zt=24&_nc_ht=scontent.cdninstagram.com&_nc_gid=wW2cgLbRr4En3L4KM1vWtg&_nc_ss=706a8&oh=00_AQOj3dk85hi5CieCgt5QdhsBgbe3RAzm8nPFx_wzQhbuKQ&oe=6ACE3BD4","3970163042905689110","Active","comment","0","0","false","false","false","true","false","false","true","0","12","71566963700","false","true","71566963700","17841471631005870"
"✠ ᴜʀɴɪɴᴏᴜ ✠","axiom_ani","Ttughac nni xdmegh i toilette","17","1","2026-08-29T06:21:22.000Z","","false","18115943021473576","","https://scontent.cdninstagram.com/v/t51.82787-19/803504749_18043958366824774_5720641765785699974_n.jpg?stp=dst-jpg_s150x150_tt6&_nc_cat=100&ccb=7-5&_nc_sid=f7ccc5&efg=eyJ2ZW5jb2RlX3RhZyI6InByb2ZpbGVfcGljLnd3dy4xMDgwLkMzIn0%3D&_nc_ohc=UIQtsvZn3Y8Q7kNvwHd4vqw&_nc_oc=Adrv5h31vnmS17yGGPDnvjLPGUU6PvquwAqWVtrw0efRGGiaAlUFrEAehX5KqHSXbFo&_nc_zt=24&_nc_ht=scontent.cdninstagram.com&_nc_gid=wW2cgLbRr4En3L4KM1vWtg&_nc_ss=706a8&oh=00_AQMn16wm1GNgnEJtrSPjd44J1D76hFrc44lf5Dtin7INfA&oe=6ACE5D5A","3970163042905689110","Active","comment","0","0","false","false","false","true","false","false","true","0","13","54777832773","false","false","54777832773","17841454743197229"
"😸😸😸😸😸","houda_boudghaghen","Welah dessa7😂","0","0","2026-08-23T23:27:05.000Z","","false","18114271171978989","","https://scontent.cdninstagram.com/v/t51.82787-19/771108600_17917415844427866_6762531701201100269_n.jpg?stp=dst-jpg_s150x150_tt6&_nc_cat=104&ccb=7-5&_nc_sid=f7ccc5&efg=eyJ2ZW5jb2RlX3RhZyI6InByb2ZpbGVfcGljLnd3dy4xMDgwLkMzIn0%3D&_nc_ohc=LnzRNybV99wQ7kNvwFVBsGZ&_nc_oc=AdqZdhFEQfawM49T6fJUFf6B7L4-SMaSbTnwwE40qCFzzx1mAcEq4y7uTxXCjohiqSg&_nc_zt=24&_nc_ht=scontent.cdninstagram.com&_nc_gid=wW2cgLbRr4En3L4KM1vWtg&_nc_ss=706a8&oh=00_AQORMQuBU24-WndDoilnKVDDd3RK8FSq_6yrNfQHTGGQog&oe=6ACE49E2","3970163042905689110","Active","comment","0","0","false","false","false","true","false","false","true","0","14","72918243865","false","true","72918243865","17841472835974780"
"🫦✨","m_.ram_4","🩷🙂","1","0","2026-08-27T21:55:10.000Z","","false","17915564934243471","","https://scontent.cdninstagram.com/v/t51.82787-19/828677810_18099694376323847_328380364340994785_n.jpg?stp=dst-jpg_s150x150_tt6&_nc_cat=105&ccb=7-5&_nc_sid=f7ccc5&efg=eyJ2ZW5jb2RlX3RhZyI6InByb2ZpbGVfcGljLnd3dy4xMDgwLkMzIn0%3D&_nc_ohc=e6Q-JeaqwQUQ7kNvwGlvylS&_nc_oc=Adp_gqHkujoVMhqGI5OMWascXg2BPJzFJmYvHklLO928P5d-xsXKVUzjMqcBcBti2Go&_nc_zt=24&_nc_ht=scontent.cdninstagram.com&_nc_gid=uRxHNjS5PqaI1hfTT1svAA&_nc_ss=706a8&oh=00_AQPGSJyJq1NXqsQplFI7wb9urESXo0VPqaMWrAm2gwmd4w&oe=6ACE44C0","3970163042905689110","Active","comment","0","0","false","false","false","true","false","false","true","0","15","39692971846","false","false","39692971846","17841439715391621"
"cabaneghania","cabaneghania","بالحراكات تفهم واش راهو يقول","15","0","2026-08-24T12:32:58.000Z","","false","18118447165926993","","https://scontent.cdninstagram.com/v/t51.2885-19/471961800_1934763567016597_946442558956538142_n.jpg?stp=dst-jpg_s150x150_tt6&_nc_cat=103&ccb=7-5&_nc_sid=f7ccc5&efg=eyJ2ZW5jb2RlX3RhZyI6InByb2ZpbGVfcGljLnd3dy4zMTUuQzMifQ%3D%3D&_nc_ohc=Gn2YSEnh9JAQ7kNvwFHWZJL&_nc_oc=Adp4Za4gV77vvFxbHVpzHRA-QjuW2VxFdXzFWUmI1RevMR7QcW58tvmaJzhkOZLfZic&_nc_zt=24&_nc_ht=scontent.cdninstagram.com&_nc_ss=706a8&oh=00_AQOs4LYjwIr-Aqa384DKM_V0clrnyHUbJiVoCm3H5eOXvw&oe=6ACE4F4B","3970163042905689110","Active","comment","0","0","false","false","false","true","false","false","true","0","16","71812928702","false","false","71812928702","17841471781066616"
"Tî Mâ 🕊️","tima__dr","Achkitt😂","4","0","2026-08-23T22:28:57.000Z","","false","18612661894016610","","https://scontent.cdninstagram.com/v/t51.82787-19/833868847_17985294075118309_2688076719158023950_n.jpg?stp=dst-jpg_s150x150_tt6&_nc_cat=101&ccb=7-5&_nc_sid=f7ccc5&efg=eyJ2ZW5jb2RlX3RhZyI6InByb2ZpbGVfcGljLnd3dy4xMDgwLkMzIn0%3D&_nc_ohc=SlAGaE-LsgYQ7kNvwHi2Qkv&_nc_oc=AdpdyeHs0gSKEH6FZ4pSs9keNa1114-5hlu2T2HsC7EUwfb9RCs9L6ObyaIElyyiOIo&_nc_zt=24&_nc_ht=scontent.cdninstagram.com&_nc_gid=uRxHNjS5PqaI1hfTT1svAA&_nc_ss=706a8&oh=00_AQMEmZm5ro6xwxFbl1ybxpbRAXbetcgtY5rqrrmDUV4SSQ&oe=6ACE4CD5","3970163042905689110","Active","comment","0","0","false","false","false","true","false","false","true","0","17","63474214308","false","true","63474214308","17841463549254276"
"_tinhin_nane","_tinhin_nane","Dizan wagi","6","0","2026-09-01T22:59:46.000Z","","false","18129887980674681","","https://scontent.cdninstagram.com/v/t51.82787-19/800345576_18113765108469164_5200794458865794957_n.jpg?stp=dst-jpg_s150x150_tt6&_nc_cat=102&ccb=7-5&_nc_sid=f7ccc5&efg=eyJ2ZW5jb2RlX3RhZyI6InByb2ZpbGVfcGljLnd3dy4xMDgwLkMzIn0%3D&_nc_ohc=NpdxjKtu63QQ7kNvwH0zdQb&_nc_oc=Adpad1VDxBS4gNmSal8cF_qeDZk9NMABpS7M39ypzDK7iSkOMkbGdQgYVgH8EOElQko&_nc_zt=24&_nc_ht=scontent.cdninstagram.com&_nc_gid=uRxHNjS5PqaI1hfTT1svAA&_nc_ss=706a8&oh=00_AQORVIv_SHbmCjQTWHsYE4o5XOjh3GSVH8z2LdzxMUP95g&oe=6ACE360E","3970163042905689110","Active","comment","0","0","false","false","false","true","false","false","true","0","18","44053845163","false","true","44053845163","17841444074906730"
"Social🏷️","social_7home","حسيت شغل يقول ناس تهدر عليا وانا مش سامع بيهم 😂😂😂","5","0","2026-08-24T13:13:41.000Z","","false","18111263486088954","","https://scontent.cdninstagram.com/v/t51.2885-19/463215524_526205210271936_4142618168093233643_n.jpg?stp=dst-jpg_s150x150_tt6&_nc_cat=110&ccb=7-5&_nc_sid=f7ccc5&efg=eyJ2ZW5jb2RlX3RhZyI6InByb2ZpbGVfcGljLnd3dy43MTkuQzMifQ%3D%3D&_nc_ohc=AVoeIBACLJ4Q7kNvwFeeBRA&_nc_oc=AdqPSp7YmnBY7ryXLPh2Gt6j_AEZk7lAKPehzcTQGpQ2GnpuUhWcPAuxVaL3av-wJvw&_nc_zt=24&_nc_ht=scontent.cdninstagram.com&_nc_ss=706a8&oh=00_AQPaK3potwPWhRU0PX-2sx2Qm2XReTgZzCDLN0b8jAfXVA&oe=6ACE3ACD","3970163042905689110","Active","comment","0","0","false","false","false","true","false","false","true","0","19","8640745452","false","false","8640745452","17841408683560093"
"𝗠𝗲𝗹𝗶𝘀𝘀𝗮 🌻","meelissa.amr","Bele3 dila3nayek tdhergem ukk la musique kabyle","7","0","2026-08-24T17:12:47.000Z","","false","18004684502986516","","https://scontent.cdninstagram.com/v/t51.82787-19/829602575_17904722598665000_662933523207231125_n.jpg?stp=dst-jpg_s150x150_tt6&_nc_cat=111&ccb=7-5&_nc_sid=f7ccc5&efg=eyJ2ZW5jb2RlX3RhZyI6InByb2ZpbGVfcGljLnd3dy4xMDI0LkMzIn0%3D&_nc_ohc=Hvd_1M9XGGAQ7kNvwF91LVt&_nc_oc=AdrXspxX-wJ9AX4VnQYG2ZW595T_NiDFxiWn1-z-s0wIJIH7fkrW8ljzQ4j_WQbX-XU&_nc_zt=24&_nc_ht=scontent.cdninstagram.com&_nc_gid=uRxHNjS5PqaI1hfTT1svAA&_nc_ss=706a8&oh=00_AQOdFvj2TDDWfoEXANQ2N7LeuZobWef89fH4MhM413Tntg&oe=6ACE357E","3970163042905689110","Active","comment","0","0","false","false","false","true","false","false","true","0","20","80062032999","false","true","80062032999","17841479949987754"
"اميرا يتو","hamzaledjedel","اغنية قبايلية","1","0","2026-08-30T09:31:34.000Z","","false","18049335119799044","","https://scontent.cdninstagram.com/v/t51.82787-19/756943299_17939180130279723_8239160512755182387_n.jpg?stp=dst-jpg_s150x150_tt6&_nc_cat=106&ccb=7-5&_nc_sid=f7ccc5&efg=eyJ2ZW5jb2RlX3RhZyI6InByb2ZpbGVfcGljLnd3dy43MjAuQzMifQ%3D%3D&_nc_ohc=D5y6LURzp98Q7kNvwHqjpwI&_nc_oc=Adqbs-xyLHq5sRT2Bh5t4HhIa8nNaNaBpqQW1iHRrbfJ6G04gFPg_K9R5NGNgrFTJMc&_nc_zt=24&_nc_ht=scontent.cdninstagram.com&_nc_gid=uRxHNjS5PqaI1hfTT1svAA&_nc_ss=706a8&oh=00_AQMp5Vz1AVZDjnht6NTd8wXwHeoa8pup-JXtnK7pru1y1g&oe=6ACE4739","3970163042905689110","Active","comment","0","0","false","false","true","true","false","false","true","0","21","68305175722","false","false","68305175722","17841468391678146"
"MÄXŸÄS","mayas_amrn","Youghal madame noufikha achut l style ni 😂","5","0","2026-08-24T01:16:44.000Z","","false","17969431878136585","","https://scontent.cdninstagram.com/v/t51.82787-19/775941853_17965574931138526_506892648076728852_n.jpg?stp=dst-jpg_s150x150_tt6&_nc_cat=100&ccb=7-5&_nc_sid=f7ccc5&efg=eyJ2ZW5jb2RlX3RhZyI6InByb2ZpbGVfcGljLnd3dy4xMDgwLkMzIn0%3D&_nc_ohc=QToyuQXfCbEQ7kNvwH41p8j&_nc_oc=Adqn9UoyeDsPi_qbRee7-e3vhFzkk2xSqSDgsIwbMfa8ZWIBXHL0mEYJHl-k4ZVx5-g&_nc_zt=24&_nc_ht=scontent.cdninstagram.com&_nc_gid=uRxHNjS5PqaI1hfTT1svAA&_nc_ss=706a8&oh=00_AQNtlv5zi2QOvIAdj4jMj5HQK6FIweAytOk-qfYm_Tg_qg&oe=6ACE5E15","3970163042905689110","Active","comment","0","0","false","false","false","true","false","false","true","0","22","64208938525","false","false","64208938525","17841464155766117"
"𝓮𝓶𝓲𝓵𝔂 🌊💙","elaaryaa__","","1","0","2026-08-24T19:04:12.000Z","","false","17976825270093367","","https://scontent.cdninstagram.com/v/t51.82787-19/729664154_17894261709505001_4511219839130813168_n.jpg?stp=dst-jpg_s150x150_tt6&_nc_cat=103&ccb=7-5&_nc_sid=f7ccc5&efg=eyJ2ZW5jb2RlX3RhZyI6InByb2ZpbGVfcGljLnd3dy4xMDgwLkMzIn0%3D&_nc_ohc=9jZPmOhuRYEQ7kNvwFizwnE&_nc_oc=AdozkKU5Pw3o5KvBq9Z6vUrbxQGio4nGMIAW0pwp-ryPceVP9Z51rdrgS_K6i_hKZJQ&_nc_zt=24&_nc_ht=scontent.cdninstagram.com&_nc_gid=uRxHNjS5PqaI1hfTT1svAA&_nc_ss=706a8&oh=00_AQODEwXkt66Ex6ZYqIsgtEgIQSu89Cd5TxF666gmu-JxLQ&oe=6ACE3625","3970163042905689110","Active","comment","0","0","false","false","false","true","false","false","true","0","23","75148697000","false","true","75148697000","17841475150003587"
"☆","nanouu__mb","وين تسكن باش نجي نسبك","1","0","2026-08-24T14:49:05.000Z","","false","18021255947871980","","https://scontent.cdninstagram.com/v/t51.82787-19/831424317_17953381059259312_3600758381778990762_n.jpg?stp=dst-jpg_s150x150_tt6&_nc_cat=101&ccb=7-5&_nc_sid=f7ccc5&efg=eyJ2ZW5jb2RlX3RhZyI6InByb2ZpbGVfcGljLnd3dy4xMDgwLkMzIn0%3D&_nc_ohc=oIvwc-3iQqMQ7kNvwHrUjuq&_nc_oc=AdreNUQzGRzUukTdSOPYfA3S7mFlrEGM-3QFWt5WpMwvthP-tYpTWmcx1okfOby4zH4&_nc_zt=24&_nc_ht=scontent.cdninstagram.com&_nc_gid=uRxHNjS5PqaI1hfTT1svAA&_nc_ss=706a8&oh=00_AQNVrK3CH4LUQSOaXjchzug2MkssB4qkPyV5uOmnDCO3Pw&oe=6ACE6B22","3970163042905689110","Active","comment","0","0","false","false","false","true","true","false","true","0","24","67813331311","false","true","67813331311","17841467779346666"
"𝒩𝒶𝒹𝒾𝓇♓️❤️‍🔥","nadir_mllk","Achut chughl agi","8","0","2026-08-24T16:20:18.000Z","","false","17954810301218236","","https://scontent.cdninstagram.com/v/t51.82787-19/781425557_17895294330598073_7614290880237371939_n.jpg?stp=dst-jpg_s150x150_tt6&_nc_cat=101&ccb=7-5&_nc_sid=f7ccc5&efg=eyJ2ZW5jb2RlX3RhZyI6InByb2ZpbGVfcGljLnd3dy4xMDgwLkMzIn0%3D&_nc_ohc=58t4Mav0rXsQ7kNvwGEpRqS&_nc_oc=AdqvCv7YNSJaLGIEQaA23ogT4PoKU3L9w_Htw83u0QZYMh_AgQC4Gu5d-sVCT7GVg1o&_nc_zt=24&_nc_ht=scontent.cdninstagram.com&_nc_gid=uRxHNjS5PqaI1hfTT1svAA&_nc_ss=706a8&oh=00_AQOAB9ykRbE19N_Ab0QdSA6mtbhmJaISrakzOcJeFUKPRg&oe=6ACE630A","3970163042905689110","Active","comment","0","0","false","false","false","true","false","false","true","0","25","77762926072","false","true","77762926072","17841477942160365"
"BOUCHRA","ibraal_bouch","وين تسكن باه نجي نسبك. معاها","0","1","2026-08-24T14:49:48.000Z","","false","18114531989287116","","https://scontent.cdninstagram.com/v/t51.82787-19/828895967_17948528385314416_7840403676811705302_n.jpg?stp=dst-jpg_s150x150_tt6&_nc_cat=111&ccb=7-5&_nc_sid=f7ccc5&efg=eyJ2ZW5jb2RlX3RhZyI6InByb2ZpbGVfcGljLnd3dy4xMDgwLkMzIn0%3D&_nc_ohc=RK-vlf9BPkYQ7kNvwH0WiTr&_nc_oc=Adrz5ieBqKfSpParYLIGSn8lPgH62Qrjx89ZDqrThgRDGnIuecc4gyU4ByCjaaD9BYc&_nc_zt=24&_nc_ht=scontent.cdninstagram.com&_nc_gid=uRxHNjS5PqaI1hfTT1svAA&_nc_ss=706a8&oh=00_AQOgwt3VgaW84ZIcuNFz7oGgurASMKkH_LW8un7yF_Cdsw&oe=6ACE33ED","3970163042905689110","Active","comment","0","0","false","false","false","true","false","false","true","0","26","69505906415","false","true","69505906415","17841469432468238"
"maylena_999","maylena_999","ble3 takhnak l3naya rbi","9","1","2026-08-24T01:03:46.000Z","","false","18090037961253717","","https://scontent.cdninstagram.com/v/t51.82787-19/774512215_17914582041435642_2544873816978370858_n.jpg?stp=dst-jpg_s150x150_tt6&_nc_cat=104&ccb=7-5&_nc_sid=f7ccc5&efg=eyJ2ZW5jb2RlX3RhZyI6InByb2ZpbGVfcGljLnd3dy4xMDgwLkMzIn0%3D&_nc_ohc=NhrNWFXhN5gQ7kNvwGbUF3O&_nc_oc=AdpzkL_a9sxjSYKIy-AwKTjCNRuCI4QK-iM3PJxdAz_QBl73V8t95oLBOVVRxsqLKbQ&_nc_zt=24&_nc_ht=scontent.cdninstagram.com&_nc_gid=uRxHNjS5PqaI1hfTT1svAA&_nc_ss=706a8&oh=00_AQPFRUEoRQti1Cg_rjOgDuMiVxbnGGKFcP3_kj-z82S3NA&oe=6ACE659E","3970163042905689110","Active","comment","0","0","false","false","false","true","false","false","true","0","27","72974803641","false","true","72974803641","17841473069231850"
"L’univers de Bina 🌹","lunivers.de.bina","Je kiff trop 😍","0","0","2026-10-03T19:26:27.000Z","","false","18125829271934529","","https://scontent.cdninstagram.com/v/t51.82787-19/792206093_18084576038447116_1429898937750578759_n.jpg?stp=dst-jpg_s150x150_tt6&_nc_cat=105&ccb=7-5&_nc_sid=f7ccc5&efg=eyJ2ZW5jb2RlX3RhZyI6InByb2ZpbGVfcGljLnd3dy4xMDgwLkMzIn0%3D&_nc_ohc=iwKRBuxxRboQ7kNvwGjZW6Y&_nc_oc=Adr6XJ9pC-b2-erseAbHPfe6gzle9IQoNuAyzMRbDt0KmoVxEuLY9zXYrmC65-gc8IQ&_nc_zt=24&_nc_ht=scontent.cdninstagram.com&_nc_gid=iMXczY0YKzzKR1DYdwIptw&_nc_ss=706a8&oh=00_AQOPMO8Zw4cZ01lM3R6vc50B5JQ01Csf-JN7-2L4TPCyHA&oe=6ACE55CA","3970163042905689110","Active","comment","0","0","false","false","false","false","false","false","true","0","28","43380575115","false","false","43380575115","17841443413472571"
"Ladj Nes","nesrineladjouzi","👏👏👏👏👏👏👏👏👏👏❤️","0","0","2026-10-03T09:52:18.000Z","","false","18030081647888345","","https://scontent.cdninstagram.com/v/t51.2885-19/295081101_5645675658810313_1401730766339296630_n.jpg?stp=dst-jpg_s150x150_tt6&_nc_cat=111&ccb=7-5&_nc_sid=f7ccc5&efg=eyJ2ZW5jb2RlX3RhZyI6InByb2ZpbGVfcGljLnd3dy45MzMuQzMifQ%3D%3D&_nc_ohc=7KAYov3PzVUQ7kNvwHMnifa&_nc_oc=AdrLNngjFTVkDi8kYKJa-wk_qeElchZmlxod-9ShXSK4IaOqR_-4hm8rir7phMJDbN0&_nc_zt=24&_nc_ht=scontent.cdninstagram.com&_nc_ss=706a8&oh=00_AQN6I-eeDE8l4nhvg4_rq8Iut44eHWKOPva-b4_83on01g&oe=6ACE5D57","3970163042905689110","Active","comment","0","0","false","false","false","false","false","false","true","0","29","54158475829","false","false","54158475829","17841454114889809"
"Nour_hane_ Foula","nour_hane.x_25","فهمت","0","0","2026-09-28T20:40:35.000Z","","false","18143543227601342","","https://scontent.cdninstagram.com/v/t51.82787-19/606980560_17842075446670371_6611951488559604909_n.jpg?stp=dst-jpg_s150x150_tt6&_nc_cat=102&ccb=7-5&_nc_sid=f7ccc5&efg=eyJ2ZW5jb2RlX3RhZyI6InByb2ZpbGVfcGljLnd3dy4xMDgwLkMzIn0%3D&_nc_ohc=GcrdmIqR_fcQ7kNvwGIo8Gf&_nc_oc=AdrT5Qj_vTEW5TjSEgrFs4N22UJKPztP5lzeQv6UH28QXezQlzA4wOjdmPTBsGDPpnY&_nc_zt=24&_nc_ht=scontent.cdninstagram.com&_nc_gid=iMXczY0YKzzKR1DYdwIptw&_nc_ss=706a8&oh=00_AQPhBOO8eWC_V0sPUEG8e3FIQDMZz4zXPHxDaY-6mrRMhw&oe=6ACE60DA","3970163042905689110","Active","comment","0","0","false","false","false","false","false","false","true","0","30","79925206370","false","true","79925206370","17841480111100650"
"mira_wiss","dr.mira_wiss","لي ماشي قبايلي تحشاتلو هههههه ايشكيت ثشبح تيكلت اتامزواروث غا اتسلف","0","0","2026-09-22T16:22:21.000Z","","false","17987340918111782","","https://scontent.cdninstagram.com/v/t51.82787-19/813832241_18069614633578960_3445872734619351692_n.jpg?stp=dst-jpg_s150x150_tt6&_nc_cat=102&ccb=7-5&_nc_sid=f7ccc5&efg=eyJ2ZW5jb2RlX3RhZyI6InByb2ZpbGVfcGljLnd3dy4xMDgwLkMzIn0%3D&_nc_ohc=4a9_LdJjKX4Q7kNvwEEqW5K&_nc_oc=Adoe_2fkVIIRPaq2TqQJkcWlfLjtkhSe4z2PNEe0p1fySi_5ypqk6xI6lqqhdHfukME&_nc_zt=24&_nc_ht=scontent.cdninstagram.com&_nc_gid=iMXczY0YKzzKR1DYdwIptw&_nc_ss=706a8&oh=00_AQMhmeuWYPGRmpjBR8WegwjWtPo8qLHacaihu7qfHQFPxA&oe=6ACE6587","3970163042905689110","Active","comment","0","0","false","false","false","false","false","false","true","0","31","47341738959","false","false","47341738959","17841447368777717"
"Maïssa Micou","maissamicou","انا قبايلية و مافهمتهاش","0","0","2026-09-17T16:14:32.000Z","","false","18029346149911998","","https://scontent.cdninstagram.com/v/t51.82787-19/842717924_18114630704090366_968427579444099551_n.jpg?stp=dst-jpg_s150x150_tt6&_nc_cat=109&ccb=7-5&_nc_sid=f7ccc5&efg=eyJ2ZW5jb2RlX3RhZyI6InByb2ZpbGVfcGljLnd3dy4xMDgwLkMzIn0%3D&_nc_ohc=-ME24kCThiAQ7kNvwHPJObJ&_nc_oc=AdqprMeeqkzFtKdxEhbAEbfegrrjpbNbOSF4D98fCrP07OC8GZsYbFFq32j0I0WABGc&_nc_zt=24&_nc_ht=scontent.cdninstagram.com&_nc_gid=iMXczY0YKzzKR1DYdwIptw&_nc_ss=706a8&oh=00_AQP61ZFWqs0YgU_7mg5VwxSJqTIaMLcbooYHmH5Qo-ldaA&oe=6ACE474C","3970163042905689110","Active","comment","0","0","false","false","false","false","false","false","true","0","32","32775794365","false","true","32775794365","17841432710966974"
"la princesse","lapr.incesse1000","🔥🔥🔥🔥❤️","0","0","2026-09-16T00:35:36.000Z","","false","18489432838096339","","https://scontent.cdninstagram.com/v/t51.82787-19/624038779_17975726777990802_762923658657080038_n.jpg?stp=dst-jpg_s150x150_tt6&_nc_cat=100&ccb=7-5&_nc_sid=f7ccc5&efg=eyJ2ZW5jb2RlX3RhZyI6InByb2ZpbGVfcGljLnd3dy4xMDgwLkMzIn0%3D&_nc_ohc=ej6SgOqTegoQ7kNvwFd-Bzl&_nc_oc=Adq1nrLvlvSRimGnH9OZF2wCJnOt7Qs4kQqs6AbbdsMy6cC4sDl27Q2pzKzvCi6JDGM&_nc_zt=24&_nc_ht=scontent.cdninstagram.com&_nc_gid=iMXczY0YKzzKR1DYdwIptw&_nc_ss=706a8&oh=00_AQOAVvbEAvIuFsBclD3_hry-EpFFZxq_tBp3uVL_9JoNpA&oe=6ACE5C65","3970163042905689110","Active","comment","0","0","false","false","false","false","false","false","true","0","33","59600734801","false","false","59600734801","17841459724040091"
"ghani","neghli_16","😂😂","0","0","2026-09-07T10:11:31.000Z","","false","18025848197911993","","https://scontent.cdninstagram.com/v/t51.82787-19/830390430_18147442996601673_5653344534216372550_n.jpg?stp=dst-jpg_s150x150_tt6&_nc_cat=105&ccb=7-5&_nc_sid=f7ccc5&efg=eyJ2ZW5jb2RlX3RhZyI6InByb2ZpbGVfcGljLnd3dy4xMDgwLkMzIn0%3D&_nc_ohc=Ll46AMn9fNcQ7kNvwH5WUAK&_nc_oc=AdqbR_2Mg0YF0x9JPzy12xZHoHCJm2Fh07_DPI8UYdmwMywM6Wv8mgsywhBUQ-MDRCY&_nc_zt=24&_nc_ht=scontent.cdninstagram.com&_nc_gid=iMXczY0YKzzKR1DYdwIptw&_nc_ss=706a8&oh=00_AQNCwRXcxQWrM3bjdmG4QvMr62jTPA4dV2kNeI_2pe12Aw&oe=6ACE508D","3970163042905689110","Active","comment","0","0","false","false","false","false","false","false","true","0","34","18108577672","false","true","18108577672","17841418050173572"
"AZ Aflalaye","thegod_sniper","What no pussy does to a mf","1","0","2026-09-04T22:50:10.000Z","","false","18096320438160301","","https://scontent.cdninstagram.com/v/t51.2885-19/323953186_1243571769873838_5441869702470211964_n.jpg?stp=dst-jpg_s150x150_tt6&_nc_cat=107&ccb=7-5&_nc_sid=f7ccc5&efg=eyJ2ZW5jb2RlX3RhZyI6InByb2ZpbGVfcGljLnd3dy40ODAuQzMifQ%3D%3D&_nc_ohc=ivRsyz01zUYQ7kNvwHArOL-&_nc_oc=Adpe0ABOVFq-w1aXhGk-CwFx2LZMDN3GdYJXt0zyc56yTAmpLzseCNK60sTsWueoIWs&_nc_zt=24&_nc_ht=scontent.cdninstagram.com&_nc_ss=706a8&oh=00_AQMn0376yCRZ9LgccR6UYmQqe82wMyMxgBTKC_RCwdyhOA&oe=6ACE6B36","3970163042905689110","Active","comment","0","0","false","false","false","false","true","false","true","0","35","3974441267","false","false","3974441267","17841403878026805"
"Caramel ♡🍯 🍮","caramiil_17_.00","❤️❤️achkitt","0","0","2026-09-01T21:42:22.000Z","","false","18015441089734322","","https://scontent.cdninstagram.com/v/t51.82787-19/828150808_18104137082117528_4969384897568782821_n.jpg?stp=dst-jpg_s150x150_tt6&_nc_cat=105&ccb=7-5&_nc_sid=f7ccc5&efg=eyJ2ZW5jb2RlX3RhZyI6InByb2ZpbGVfcGljLnd3dy4xMDgwLkMzIn0%3D&_nc_ohc=3unlwqJR1X0Q7kNvwHu8vts&_nc_oc=AdpHbVkJBNkOmLnBkQ6zPnE72JVhXFvxNbYHSSv93dalnowOPLdjoSTe1wuSpCD9ihY&_nc_zt=24&_nc_ht=scontent.cdninstagram.com&_nc_gid=iMXczY0YKzzKR1DYdwIptw&_nc_ss=706a8&oh=00_AQN8MU3zIjBEIPST-xp3NG-XIO1c6s3ymfDlEeGdjT4DBA&oe=6ACE4BA5","3970163042905689110","Active","comment","0","0","false","false","false","false","false","false","true","0","36","33424389527","false","true","33424389527","17841433525818048"
"Elyane Illoula","elyanelyan819","في الأول مافهمتش بصح كي ركزت فلادوزيام فوا فهمت👏🙌","0","0","2026-09-01T19:14:03.000Z","","false","18088239683270176","","https://scontent.cdninstagram.com/v/t51.2885-19/446225102_850924887053096_808680626433075314_n.jpg?stp=dst-jpg_s150x150_tt6&_nc_cat=100&ccb=7-5&_nc_sid=f7ccc5&efg=eyJ2ZW5jb2RlX3RhZyI6InByb2ZpbGVfcGljLnd3dy4zMjAuQzMifQ%3D%3D&_nc_ohc=LvF2neqUxuIQ7kNvwHadzC4&_nc_oc=AdrU0lL3UO7xOF8HPUqhq3gWfScLJT-uLmZW6LIQxhSaY5ZtTHIP2-MI0ea5SvBaAMk&_nc_zt=24&_nc_ht=scontent.cdninstagram.com&_nc_ss=706a8&oh=00_AQP32TweWH3HjPGifFcS4V3404o3wl3WYoltoStutb9wIQ&oe=6ACE444E","3970163042905689110","Active","comment","0","0","false","false","false","false","false","false","true","0","37","66976926707","false","false","66976926707","17841467161212115"
"꧁ ⵣ 𝑺𝒂𝒓𝒂 ꧂ ✨","naigela3","😂😂😂😂😂","0","0","2026-08-31T00:09:46.000Z","","false","17986927427858102","","https://scontent.cdninstagram.com/v/t51.82787-19/807868416_18103158905523243_7080988356169375881_n.jpg?stp=dst-jpg_s150x150_tt6&_nc_cat=104&ccb=7-5&_nc_sid=f7ccc5&efg=eyJ2ZW5jb2RlX3RhZyI6InByb2ZpbGVfcGljLnd3dy4xMDgwLkMzIn0%3D&_nc_ohc=bzMVeul3_pgQ7kNvwHpPMeF&_nc_oc=Adq9M9UNWy5QtC2fyKmTPy9nHFCwpiLE4NSlLAt1wEc2JHqwVY7pe1V0Jr48_SCqu-Q&_nc_zt=24&_nc_ht=scontent.cdninstagram.com&_nc_gid=iMXczY0YKzzKR1DYdwIptw&_nc_ss=706a8&oh=00_AQNRsRsPVaVD3HKpJwVhPsWDuvFjopAic149kCqzgXWN-g&oe=6ACE6B58","3970163042905689110","Active","comment","0","0","false","false","false","false","false","false","true","0","38","45781979242","false","false","45781979242","17841445697282747"
"ⵎⴰⵏⴰⵍ💗✨","man_ima9","Waqila hala nek ouyite3jiv ara😂","0","0","2026-08-30T08:08:17.000Z","","false","18141472240566705","","https://scontent.cdninstagram.com/v/t51.82787-19/817551736_17896647528604866_7516488239284777569_n.jpg?stp=dst-jpg_s150x150_tt6&_nc_cat=111&ccb=7-5&_nc_sid=f7ccc5&efg=eyJ2ZW5jb2RlX3RhZyI6InByb2ZpbGVfcGljLnd3dy4xMDcwLkMzIn0%3D&_nc_ohc=aidOk7YB4V8Q7kNvwEFQOXZ&_nc_oc=AdpXLIRaEf3svDEkYEAH3vIiNEtUBPngDp6XnEIXDUiE3cRHASMvjxFmgmyZ-04wS64&_nc_zt=24&_nc_ht=scontent.cdninstagram.com&_nc_gid=iMXczY0YKzzKR1DYdwIptw&_nc_ss=706a8&oh=00_AQNJDitn2D8BtHws7aD9z4wCtFRjBF7zixC9BI1fH-sq6A&oe=6ACE3E22","3970163042905689110","Active","comment","0","0","false","false","false","false","false","false","true","0","39","78017244865","false","true","78017244865","17841478145952155"
"Sahara nomad touareg life style","monkey_sahara_soul","Nantam nantass","0","0","2026-08-30T03:08:51.000Z","","false","18076118882379919","","https://scontent.cdninstagram.com/v/t51.82787-19/587605152_18440546932099631_3689655574002935059_n.jpg?stp=dst-jpg_s150x150_tt6&_nc_cat=100&ccb=7-5&_nc_sid=f7ccc5&efg=eyJ2ZW5jb2RlX3RhZyI6InByb2ZpbGVfcGljLnd3dy4xMDgwLkMzIn0%3D&_nc_ohc=Xp4NOWa2J9MQ7kNvwGJWX68&_nc_oc=Adr1qroXokuokJ0zgJ8r1h6gR02yXjMUwcHHcRtjoC0OfzRaKS5um8Wxtgc5zJ9NclQ&_nc_zt=24&_nc_ht=scontent.cdninstagram.com&_nc_gid=iMXczY0YKzzKR1DYdwIptw&_nc_ss=706a8&oh=00_AQNHngcboAuKRVxGQLTJKCunflEwoYfl6z7NB0G0aHY6pg&oe=6ACE3C19","3970163042905689110","Active","comment","0","0","false","false","false","false","false","false","true","0","40","2950315630","false","false","2950315630","17841402988908789"
"sandra L","sandral6889","❤️❤️❤️","0","0","2026-08-29T08:23:06.000Z","","false","18109297874031231","","https://scontent.cdninstagram.com/v/t51.89012-19/573323465_1219825463302212_7278921664109726296_n.jpg?stp=dst-jpg_s150x150_tt6&_nc_cat=1&ccb=7-5&_nc_sid=f7ccc5&efg=eyJ2ZW5jb2RlX3RhZyI6InByb2ZpbGVfcGljLnd3dy5DMyJ9&_nc_ohc=nvo3H9UYO1YQ7kNvwFJzeHB&_nc_oc=AdrB9spDUEEw1b_6FrMgmOnOTj7Nl6TYZrlHUMSrscmv10_6H6Th2yBLjRk2ko4w6VY&_nc_zt=24&_nc_ht=scontent.cdninstagram.com&_nc_gid=iMXczY0YKzzKR1DYdwIptw&_nc_ss=706a8&oh=00_AQNEgrA8qGNbjTTP6UVSV-Aa9GKFU6pVlY9p6LviETgKMQ&oe=6ACE6462","3970163042905689110","Active","comment","0","0","false","false","false","false","false","false","true","0","41","80195412250","false","false","80195412250","17841480287504426"
"ines","ines.inin","Bravo 👏👏👏","0","0","2026-08-29T07:58:19.000Z","","false","18069222779743982","","https://scontent.cdninstagram.com/v/t51.82787-19/675516112_18079566680407791_1468529704091058604_n.jpg?stp=dst-jpg_s150x150_tt6&_nc_cat=111&ccb=7-5&_nc_sid=f7ccc5&efg=eyJ2ZW5jb2RlX3RhZyI6InByb2ZpbGVfcGljLnd3dy4xMDgwLkMzIn0%3D&_nc_ohc=3lLu1DaV_UgQ7kNvwHdZo5l&_nc_oc=AdpPRnd7_YFcV4myvjhoY5_fajEALxG3uIlCuqecMj2Yzd-6z_0ejAP10YWpjYoMBAU&_nc_zt=24&_nc_ht=scontent.cdninstagram.com&_nc_gid=iMXczY0YKzzKR1DYdwIptw&_nc_ss=706a8&oh=00_AQMmfKZpL3i7PeeGFdiUHf84AIIB8jTSnSp2fCO3SdVzkQ&oe=6ACE461C","3970163042905689110","Active","comment","0","0","false","false","false","false","false","false","true","0","42","42180207790","false","true","42180207790","17841442233722525"
"Toufik","toufikchabli","الموسيقى حرام","0","0","2026-08-28T22:38:39.000Z","","false","18438342133123594","","https://scontent.cdninstagram.com/v/t51.82787-19/708528343_17891613444525955_7925637100091254925_n.jpg?stp=dst-jpg_s150x150_tt6&_nc_cat=104&ccb=7-5&_nc_sid=f7ccc5&efg=eyJ2ZW5jb2RlX3RhZyI6InByb2ZpbGVfcGljLnd3dy43MjguQzMifQ%3D%3D&_nc_ohc=zPxThIBHZ7IQ7kNvwFL1SVZ&_nc_oc=AdoMYN920vyrPh-52I5P4qxHVZADbk_E-6dlBFx4n4yWFtefrsAxxolE8JL3zS-3vGM&_nc_zt=24&_nc_ht=scontent.cdninstagram.com&_nc_gid=f6q_7v6rnlnAit5mHe4I8Q&_nc_ss=705a0&oh=00_AQOAA9ZLs2czEcjONhbsvdcCMZzTpHcKe22t0q8YIix5ZQ&oe=6ACE4096","3970163042905689110","Active","comment","0","0","false","false","false","false","false","false","true","0","15","75765789954","false","true","75765789954","17841475778640723"
"𝕬𝖉𝖔𝖚𝖉𝖆 𝕸𝖆𝖟𝖗𝖎 ✨️","adouda__mazri","Texram AK teqvaylit ataxbizt😒😒","0","0","2026-08-27T14:22:58.000Z","","false","18101384108344512","","https://scontent.cdninstagram.com/v/t51.82787-19/841064116_18067622003609170_8807189188994340926_n.jpg?stp=dst-jpg_s150x150_tt6&_nc_cat=107&ccb=7-5&_nc_sid=f7ccc5&efg=eyJ2ZW5jb2RlX3RhZyI6InByb2ZpbGVfcGljLnd3dy4xMDgwLkMzIn0%3D&_nc_ohc=81sAvRLXzl4Q7kNvwEH9Ylk&_nc_oc=AdpYYLuKNhe4T5CRl2RrqUMJdETM_E2vmN2SbhdX221JnF2Whn-7Gnft9JEXuUKhMo0&_nc_zt=24&_nc_ht=scontent.cdninstagram.com&_nc_gid=f6q_7v6rnlnAit5mHe4I8Q&_nc_ss=705a0&oh=00_AQP9guei-lMDCOy473cWiE9IE87b_hCYPM8sLKFmoWh3Qw&oe=6ACE5D7A","3970163042905689110","Active","comment","0","0","false","false","false","false","false","false","true","0","16","48311865169","false","true","48311865169","17841448275078983"
"Perle Noire","kahinabacha","❤️❤️❤️❤️❤️❤️","0","0","2026-08-26T21:25:33.000Z","","false","17891964489421007","","https://scontent.cdninstagram.com/v/t51.2885-19/439426214_940385007463664_4818631513180361384_n.jpg?stp=dst-jpg_s150x150_tt6&_nc_cat=103&ccb=7-5&_nc_sid=f7ccc5&efg=eyJ2ZW5jb2RlX3RhZyI6InByb2ZpbGVfcGljLnd3dy4zNzUuQzMifQ%3D%3D&_nc_ohc=3Vu_XnJirqEQ7kNvwFSLpLx&_nc_oc=AdpoQ2sA-nMe4Mof79p5OwC7WvagfeRDcgpWpvyaWeLxefHdYydAWUYEfliUSyAI5P0&_nc_zt=24&_nc_ht=scontent.cdninstagram.com&_nc_ss=705a0&oh=00_AQMLqx052sX7Y95vtPA2VFCPCC_hHYbkPOX2nMYZf4d9cQ&oe=6ACE52E6","3970163042905689110","Active","comment","0","0","false","false","false","false","false","false","true","0","17","7055625556","false","true","7055625556","17841407006691953"
"✨💕Asma","asma_asma_8lili_lili_","😂thlha","0","0","2026-08-26T19:30:52.000Z","","false","17963380650161383","","https://scontent.cdninstagram.com/v/t51.82787-19/792820483_17916658095432574_1726937568516956214_n.jpg?stp=dst-jpg_s150x150_tt6&_nc_cat=101&ccb=7-5&_nc_sid=f7ccc5&efg=eyJ2ZW5jb2RlX3RhZyI6InByb2ZpbGVfcGljLnd3dy4xMDgwLkMzIn0%3D&_nc_ohc=BxFK3jFJnrEQ7kNvwGuvHf-&_nc_oc=AdrAgJYzMxzhvaXgfI6M4S-HzZT0BjiyHXn6zd7WUfnxp_SA--jbWVcPysp1LYb9I_g&_nc_zt=24&_nc_ht=scontent.cdninstagram.com&_nc_gid=f6q_7v6rnlnAit5mHe4I8Q&_nc_ss=705a0&oh=00_AQP0CmbV7rWAkNBIv2-V4WIpCXSNiR2LvqUGtK04J7koPQ&oe=6ACE36EE","3970163042905689110","Active","comment","0","0","false","false","false","false","false","false","true","0","18","73052072573","false","true","73052072573","17841472977201509"
"✨🩷Amel 🩷✨","amelbaghedaoui","😂😂😂😂ahlil rebbi","0","0","2026-08-25T20:28:53.000Z","","false","18221730955327238","","https://scontent.cdninstagram.com/v/t51.82787-19/773580310_18145026562529431_7586407393925303991_n.jpg?stp=dst-jpg_s150x150_tt6&_nc_cat=101&ccb=7-5&_nc_sid=f7ccc5&efg=eyJ2ZW5jb2RlX3RhZyI6InByb2ZpbGVfcGljLnd3dy43MjAuQzMifQ%3D%3D&_nc_ohc=M9YMhPcWPAoQ7kNvwFPjnxo&_nc_oc=AdpB-y-YG-4yMLmajKs_0QxFAR6cR7trdcWGpz_JXSrrZ_PhNdDRXKV1Y9ZWZvvfxeY&_nc_zt=24&_nc_ht=scontent.cdninstagram.com&_nc_gid=f6q_7v6rnlnAit5mHe4I8Q&_nc_ss=705a0&oh=00_AQPV88lyPDEAKNOEY2KlPh3JV6ESr9eHfZ36XOvgwWWVJA&oe=6ACE46B3","3970163042905689110","Active","comment","0","0","false","false","false","false","false","false","true","0","19","15961537430","false","true","15961537430","17841415882915192"
"Sara ch","sarah7386068","","0","0","2026-08-25T18:08:47.000Z","","false","18107965490465615","","https://scontent.cdninstagram.com/v/t51.82787-19/813212717_18074580047546310_3403885047379676676_n.jpg?stp=dst-jpg_s150x150_tt6&_nc_cat=100&ccb=7-5&_nc_sid=f7ccc5&efg=eyJ2ZW5jb2RlX3RhZyI6InByb2ZpbGVfcGljLnd3dy4xMDgwLkMzIn0%3D&_nc_ohc=taYystaLBdIQ7kNvwEqVh7L&_nc_oc=AdqvhPXOjSsw-mgLuS0ma65dZbQo4fWTPP7Iq9nt_Z0ORr-21jIuwQlGxic8TkukUAg&_nc_zt=24&_nc_ht=scontent.cdninstagram.com&_nc_gid=f6q_7v6rnlnAit5mHe4I8Q&_nc_ss=705a0&oh=00_AQNzwununOD_5OaovrrwYTMoobGdQEpumhbob3TZ8n_esQ&oe=6ACE3D10","3970163042905689110","Active","comment","0","0","false","false","false","false","false","false","true","0","20","46392978309","false","true","46392978309","17841446389279122"
"ⵢⵓⴷⴷⴰⵙ 🦖ⵣ","yudas_inuri","❤️❤️🔥","0","0","2026-08-25T12:50:22.000Z","","false","18125841817745111","","https://scontent.cdninstagram.com/v/t51.82787-19/837837411_17972596851167579_5515870532706755403_n.jpg?stp=dst-jpg_s150x150_tt6&_nc_cat=101&ccb=7-5&_nc_sid=f7ccc5&efg=eyJ2ZW5jb2RlX3RhZyI6InByb2ZpbGVfcGljLnd3dy4xMDgwLkMzIn0%3D&_nc_ohc=yVBcnpvyx6oQ7kNvwFPVX5C&_nc_oc=Adpskcoe8iqs1njlaOzHyIuSLj0qybmCw-yJkgWrD0st1A2cuDFiiKTs-mlSheSnEhU&_nc_zt=24&_nc_ht=scontent.cdninstagram.com&_nc_gid=f6q_7v6rnlnAit5mHe4I8Q&_nc_ss=705a0&oh=00_AQPKnk2VNzpVWzkCzXA3HaZmtN2-F18wnOxUP0uPCBN43w&oe=6ACE4C8D","3970163042905689110","Active","comment","0","0","false","false","false","false","false","false","true","0","21","64918935578","false","true","64918935578","17841465027354866"
"Cici Cylia","cylia686","😂😂😂","0","0","2026-08-24T21:40:21.000Z","","false","17949962517036866","","https://scontent.cdninstagram.com/v/t51.2885-19/455910666_1037961404698930_7677585912166355921_n.jpg?stp=dst-jpg_s150x150_tt6&_nc_cat=102&ccb=7-5&_nc_sid=f7ccc5&efg=eyJ2ZW5jb2RlX3RhZyI6InByb2ZpbGVfcGljLnd3dy4xMDgwLkMzIn0%3D&_nc_ohc=Mo3lbELS6NAQ7kNvwHL1ipx&_nc_oc=Adq28bswipw7-up7NRQY3uUqAYYl6NKsbIpkYa4inuRKupKr1rzX0mFNJ40GEb97AAg&_nc_zt=24&_nc_ht=scontent.cdninstagram.com&_nc_ss=705a0&oh=00_AQMJvZ_5kuxZ2vM4HXe8VNZKCllPq6Ph0G77e1cBk3SsNA&oe=6ACE36B6","3970163042905689110","Active","comment","0","0","false","false","false","false","false","false","true","0","22","15710879754","false","true","15710879754","17841415832633859"
"Zîneb zineb","zineb4082zineb","Nek fehmegh les kabylle","0","0","2026-08-24T16:45:12.000Z","","false","17866687449647143","","https://scontent.cdninstagram.com/v/t51.82787-19/527279293_17860255857458899_8758539364292316209_n.jpg?stp=dst-jpg_s150x150_tt6&_nc_cat=110&ccb=7-5&_nc_sid=f7ccc5&efg=eyJ2ZW5jb2RlX3RhZyI6InByb2ZpbGVfcGljLnd3dy4xMDgwLkMzIn0%3D&_nc_ohc=790S2WpWJNYQ7kNvwFHOE6X&_nc_oc=Adp1Woeu3_g3VVfwSuxQa6xif9MwmqVKgbw4ud09y4W20uawcEuUR6JQMdq60S4eeP8&_nc_zt=24&_nc_ht=scontent.cdninstagram.com&_nc_gid=f6q_7v6rnlnAit5mHe4I8Q&_nc_ss=705a0&oh=00_AQN8VnLbHIWQp3-sUS8NBTsu740k4yB9KdZzSNIorxc4og&oe=6ACE60EE","3970163042905689110","Active","comment","0","0","false","false","false","false","true","false","true","0","23","73850362898","false","true","73850362898","17841473766961295"
"sb","sam._.bzn","C'est clair c'est quasi intraduisible","0","0","2026-08-24T15:37:54.000Z","","false","17989221210044080","","https://scontent.cdninstagram.com/v/t51.2885-19/448133993_926037779292390_7068353721045106887_n.jpg?stp=dst-jpg_s150x150_tt6&_nc_cat=101&ccb=7-5&_nc_sid=f7ccc5&efg=eyJ2ZW5jb2RlX3RhZyI6InByb2ZpbGVfcGljLnd3dy41NjMuQzMifQ%3D%3D&_nc_ohc=Cc-_NctpNEIQ7kNvwEjfEVQ&_nc_oc=AdpbwHsdp2MBczjlsG3w2jf7zple6Ku2LrpMQ-uI_6dKJOLCUcRoo83E8BPx7Q2KCiY&_nc_zt=24&_nc_ht=scontent.cdninstagram.com&_nc_ss=705a0&oh=00_AQM7_MYXJWi9ZgTeph955T4206YiDpdn_XaqhOVebXR2Xg&oe=6ACE5E9F","3970163042905689110","Active","comment","0","0","false","false","false","false","false","false","true","0","24","66845171981","false","true","66845171981","17841466839445646"
"Ryme Fella","mimelblanco","Belles paroles 👏","0","0","2026-08-24T13:45:23.000Z","","false","18132413938652436","","https://scontent.cdninstagram.com/v/t51.2885-19/488487954_667334142701007_7759543563148951551_n.jpg?stp=dst-jpg_s150x150_tt6&_nc_cat=107&ccb=7-5&_nc_sid=f7ccc5&efg=eyJ2ZW5jb2RlX3RhZyI6InByb2ZpbGVfcGljLnd3dy4xMDI0LkMzIn0%3D&_nc_ohc=NjHrlAsXuh8Q7kNvwEB-VOO&_nc_oc=AdpSoDUPeTn_8H9xphZOqPtuVuFUnDINudQ0nUZQBWo2_rx7CSRR2iROkNsYGjYxZaA&_nc_zt=24&_nc_ht=scontent.cdninstagram.com&_nc_ss=705a0&oh=00_AQN9WOHugGvPiv9HPtWiyBGa2OlRmkknfgcLR_Mcmruzkw&oe=6ACE467D","3970163042905689110","Active","comment","0","0","false","false","false","false","false","false","true","0","25","30751448669","false","true","30751448669","17841430740073931"
"vi_be__ss","vi_be__ss","Machi aka ikhus snaghk dargaz l3ali uthxdmedh ara thigi thehawlik dahewel canada","0","0","2026-08-24T13:33:21.000Z","","false","18004748132776953","","https://scontent.cdninstagram.com/v/t51.82787-19/774197432_18078654134686343_3909128240043677759_n.jpg?stp=dst-jpg_s150x150_tt6&_nc_cat=103&ccb=7-5&_nc_sid=f7ccc5&efg=eyJ2ZW5jb2RlX3RhZyI6InByb2ZpbGVfcGljLnd3dy4xMDgwLkMzIn0%3D&_nc_ohc=chA1F8ecF2YQ7kNvwG5vvol&_nc_oc=AdpLpX6UH16k3H_lUOaR6krM9u8_Cp7TeD_2eCaEIJfWYVIC8lNGxRBxladC4zFNMw0&_nc_zt=24&_nc_ht=scontent.cdninstagram.com&_nc_gid=f6q_7v6rnlnAit5mHe4I8Q&_nc_ss=705a0&oh=00_AQPpqjpZ6CAT1dnpwbZAcCwZkdVpsCHlXYfvYXD-P9lIdw&oe=6ACE4973","3970163042905689110","Active","comment","0","0","false","false","false","false","false","false","true","0","26","50550798342","false","true","50550798342","17841450590278849"
"l҉m҉t҉a҉k҉i҉r҉","_grdstr36","","0","0","2026-08-24T13:12:19.000Z","","false","18122291467659586","","https://scontent.cdninstagram.com/v/t51.82787-19/773492581_17900378511558619_7313070344235102627_n.jpg?stp=dst-jpg_s150x150_tt6&_nc_cat=109&ccb=7-5&_nc_sid=f7ccc5&efg=eyJ2ZW5jb2RlX3RhZyI6InByb2ZpbGVfcGljLnd3dy4xMDgwLkMzIn0%3D&_nc_ohc=RbwIGHJpn5EQ7kNvwGvhmtY&_nc_oc=AdrvCZgJ-KN99c8X9ya64mS-gSiy278zWRettKPyNM9PhCJhqBgZGNtFYGGI51n6dIw&_nc_zt=24&_nc_ht=scontent.cdninstagram.com&_nc_gid=f6q_7v6rnlnAit5mHe4I8Q&_nc_ss=705a0&oh=00_AQNMEvMXPTToYRQhnoP4KtIbUAmdpUf9zRr8w_VYMlPY2A&oe=6ACE37A6","3970163042905689110","Active","comment","0","0","false","false","false","false","false","false","true","0","27","76727390618","false","true","76727390618","17841476758560923"
"Mohamed Rouchou","rouchoum83","","0","0","2026-08-24T11:53:46.000Z","","false","17949839436036353","","https://scontent.cdninstagram.com/v/t51.82787-19/641852591_17925357591240097_3930873561919995164_n.jpg?stp=dst-jpg_s150x150_tt6&_nc_cat=106&ccb=7-5&_nc_sid=f7ccc5&efg=eyJ2ZW5jb2RlX3RhZyI6InByb2ZpbGVfcGljLnd3dy4xMDgwLkMzIn0%3D&_nc_ohc=Ii7TOIIaIjMQ7kNvwFP5Y26&_nc_oc=AdrHuQWBvGYiB9LCqVdXmGOQK-wI5lr5gy2YVO4lV7huA3zYf85v5lH6t4_17TtOPfo&_nc_zt=24&_nc_ht=scontent.cdninstagram.com&_nc_gid=f6q_7v6rnlnAit5mHe4I8Q&_nc_ss=705a0&oh=00_AQNi83CBB7Blnq3Kat2wxeCiqTyYQi734zkvKFI7V_GKOA&oe=6ACE52C1","3970163042905689110","Active","comment","0","0","false","false","false","false","false","false","true","0","28","67359648096","false","false","67359648096","17841467202899956"
"🌫️♣️金門刺眼🖤🌑","rahilo_v1","Ilove it 🙌","0","0","2026-08-24T11:26:20.000Z","","false","18090939917185112","","https://scontent.cdninstagram.com/v/t51.82787-19/819652855_18105492803082994_6790154787195237492_n.jpg?stp=dst-jpg_s150x150_tt6&_nc_cat=100&ccb=7-5&_nc_sid=f7ccc5&efg=eyJ2ZW5jb2RlX3RhZyI6InByb2ZpbGVfcGljLnd3dy4xMDgwLkMzIn0%3D&_nc_ohc=Gulk7QqMWmUQ7kNvwFNlWbB&_nc_oc=AdoE3GrjeWar0YG_2v9grrvl3UsgtHhN0yA5KD7dAmWE-rPYL2o3YDXO8Zwqcl6fZEU&_nc_zt=24&_nc_ht=scontent.cdninstagram.com&_nc_gid=f6q_7v6rnlnAit5mHe4I8Q&_nc_ss=705a0&oh=00_AQNV4SyYQWrK_eJbLtxEOGT849pkxZN9EDnTJ3_FvY7o8w&oe=6ACE6484","3970163042905689110","Active","comment","0","0","false","false","false","false","false","false","true","0","29","32559866993","false","true","32559866993","17841432489809983"
"YANIS TIAR","tiaryanis","","0","0","2026-08-24T11:16:11.000Z","","false","17898507051579116","","https://scontent.cdninstagram.com/v/t51.82787-19/802155469_18096583835335424_8183932323792021538_n.jpg?stp=dst-jpg_s150x150_tt6&_nc_cat=104&ccb=7-5&_nc_sid=f7ccc5&efg=eyJ2ZW5jb2RlX3RhZyI6InByb2ZpbGVfcGljLnd3dy4xMDgwLkMzIn0%3D&_nc_ohc=vPJK7zvvr7gQ7kNvwGEA2pG&_nc_oc=AdrJFrKtv1BZiAqZO6LhN1V66O8NXIF49tjNPmN6Aain_IGP0uaA8ILRQxR6N1Y8MVg&_nc_zt=24&_nc_ht=scontent.cdninstagram.com&_nc_gid=ipYflKwhmL0Bi-th4Idgmg&_nc_ss=705a0&oh=00_AQPn74TN4T_1VZ63KvGjPVf0L3Fm7_WlkmeWa5W3M_xUyA&oe=6ACE40ED","3970163042905689110","Active","comment","0","0","false","false","false","false","false","false","true","0","30","39942759423","false","false","39942759423","17841440062702844"
"Sou Ma","sou_ma_dz17","فهمت عولت نقسمنيا 😂😂😂😂😂","0","0","2026-08-24T10:34:37.000Z","","false","18006640379974409","","https://scontent.cdninstagram.com/v/t51.2885-19/308561117_3237780213103866_636422420417601799_n.jpg?stp=dst-jpg_s150x150_tt6&_nc_cat=100&ccb=7-5&_nc_sid=f7ccc5&efg=eyJ2ZW5jb2RlX3RhZyI6InByb2ZpbGVfcGljLnd3dy45NjAuQzMifQ%3D%3D&_nc_ohc=0KxABpMbLbIQ7kNvwHiAhIy&_nc_oc=AdpIt66T3TOIIV9WqWkLqVJHnBHLGCUb3MvHA5UzQuQ_6KS9hnOjmVGC6BPH8I6U5CE&_nc_zt=24&_nc_ht=scontent.cdninstagram.com&_nc_ss=705a0&oh=00_AQNAaZYIKyj3gZ29mHvLGUaWHAakCZTgom0YpwdxPvvdkA&oe=6ACE6C11","3970163042905689110","Active","comment","0","0","false","false","false","false","false","false","true","0","31","7505682889","false","false","7505682889","17841407526678210"
"islam_ben.06_","islam_ben.06_","❤️😍","0","0","2026-08-24T09:51:12.000Z","","false","18117303295726510","","https://scontent.cdninstagram.com/v/t51.82787-19/781459592_18140333392537669_6268134190367698311_n.jpg?stp=dst-jpg_s150x150_tt6&_nc_cat=101&ccb=7-5&_nc_sid=f7ccc5&efg=eyJ2ZW5jb2RlX3RhZyI6InByb2ZpbGVfcGljLnd3dy4xMDgwLkMzIn0%3D&_nc_ohc=QIOwGGKCIRIQ7kNvwGyu_My&_nc_oc=AdqdHYVSD6e9AVEel-pF0YrBNfidgvIaQs2ZwovRQd2ogFBMXR2xupQZHzmIL8aHvE8&_nc_zt=24&_nc_ht=scontent.cdninstagram.com&_nc_gid=ipYflKwhmL0Bi-th4Idgmg&_nc_ss=705a0&oh=00_AQOw33c8Ea5vmCXcijJn_W0JNZNzKzoHA4lkJ78g_WDFFw&oe=6ACE54B0","3970163042905689110","Active","comment","0","0","false","false","false","false","false","false","true","0","32","16088617668","false","false","16088617668","17841416130041077"
"romaissa13","romaissa138","فهمت كلش","0","0","2026-08-24T09:20:04.000Z","","false","18121165918925655","","https://scontent.cdninstagram.com/v/t51.82787-19/797774226_18086176856492850_8908686105406474998_n.jpg?stp=dst-jpg_s150x150_tt6&_nc_cat=100&ccb=7-5&_nc_sid=f7ccc5&efg=eyJ2ZW5jb2RlX3RhZyI6InByb2ZpbGVfcGljLnd3dy4xMDgwLkMzIn0%3D&_nc_ohc=ZbpPf4eH6ZsQ7kNvwFoVAFJ&_nc_oc=AdrZmjm0hIRoQOWvd4O7WKyyPQn6Whh8y46vUth1PtcjzAeiOxzFI1x5bpUgckRC0pE&_nc_zt=24&_nc_ht=scontent.cdninstagram.com&_nc_gid=ipYflKwhmL0Bi-th4Idgmg&_nc_ss=705a0&oh=00_AQMiAQgms8-t3cuEf-Hvo5wMUloS65-7w2n_nj2wWJs5TQ&oe=6ACE697D","3970163042905689110","Active","comment","0","0","false","false","false","false","false","false","true","0","33","44861860849","false","true","44861860849","17841444785497732"
"سَلْسَبِيلْ 👑 💗","kamylea3","حملغ لاشونصوياكي ♓🔰💛 😍","0","0","2026-08-24T08:19:59.000Z","","false","18025572002887670","","https://scontent.cdninstagram.com/v/t51.82787-19/838041832_18103451708298048_4914104060409467687_n.jpg?stp=dst-jpg_s150x150_tt6&_nc_cat=103&ccb=7-5&_nc_sid=f7ccc5&efg=eyJ2ZW5jb2RlX3RhZyI6InByb2ZpbGVfcGljLnd3dy43MjAuQzMifQ%3D%3D&_nc_ohc=2zhsu1EDkagQ7kNvwFxs_Pe&_nc_oc=AdpyNWFxyv3vRkoXaxRH75AtaYPCiGkS5EQw6bSofKhOqzoxbuy5d9TWltmBWmMZhHY&_nc_zt=24&_nc_ht=scontent.cdninstagram.com&_nc_gid=ipYflKwhmL0Bi-th4Idgmg&_nc_ss=705a0&oh=00_AQN5tF9Pjx0KI13fKlsCk6NCDTCUi1-QnrngdsGAJ0b4sw&oe=6ACE6C14","3970163042905689110","Active","comment","0","0","false","false","false","false","false","false","true","0","34","38956802047","false","false","38956802047","17841438941419600"
"Léa Idoughì✪","lea1.232810","Nekk fehmeght merra","0","0","2026-08-24T07:05:33.000Z","","false","18140679823601352","","https://scontent.cdninstagram.com/v/t51.82787-19/772231596_17894618946595966_87584622109198067_n.jpg?stp=dst-jpg_s150x150_tt6&_nc_cat=111&ccb=7-5&_nc_sid=f7ccc5&efg=eyJ2ZW5jb2RlX3RhZyI6InByb2ZpbGVfcGljLnd3dy4xMDgwLkMzIn0%3D&_nc_ohc=u4gXOrMKeHUQ7kNvwED5sKe&_nc_oc=Adq5My6PzfOMA-wx5isE3B6ckW0LnEBscN0GGmL0YRwevk-th_MDNaQp84sVt9QkOEM&_nc_zt=24&_nc_ht=scontent.cdninstagram.com&_nc_gid=ipYflKwhmL0Bi-th4Idgmg&_nc_ss=705a0&oh=00_AQPXf9cyVcghIH-C9SCRSCok0g7reAGal9X_xQHGIqSYEQ&oe=6ACE49DA","3970163042905689110","Active","comment","0","0","false","false","false","false","false","false","true","0","35","77833635965","false","false","77833635965","17841477878959204"
"Moumene","moumene1432","😂😂😂","0","0","2026-08-24T05:58:22.000Z","","false","17981391567077274","","https://scontent.cdninstagram.com/v/t51.82787-19/811711022_18154615444525284_263359791780812175_n.jpg?stp=dst-jpg_s150x150_tt6&_nc_cat=110&ccb=7-5&_nc_sid=f7ccc5&efg=eyJ2ZW5jb2RlX3RhZyI6InByb2ZpbGVfcGljLnd3dy4xMDgwLkMzIn0%3D&_nc_ohc=JUf2XEB_t-IQ7kNvwHi9m3o&_nc_oc=AdpJUJJsHlWbGawvtogCKQEjxyMb1ICGP48_DurnDgER3xHVnJ-5roetKxb0ksk0Wak&_nc_zt=24&_nc_ht=scontent.cdninstagram.com&_nc_gid=ipYflKwhmL0Bi-th4Idgmg&_nc_ss=705a0&oh=00_AQNbE4moVbAqvPQlbnumrG0joG7NyA2hpQzCJPgdLssFSw&oe=6ACE6018","3970163042905689110","Active","comment","0","0","false","false","false","false","false","false","true","0","36","15737861283","false","true","15737861283","17841415758507232"
"Marouane Oufella","marouane_oufella_2008","Toop ayahevive👏👏🔥🔥","0","0","2026-08-24T02:08:26.000Z","","false","18036208352821079","","https://scontent.cdninstagram.com/v/t51.82787-19/833913540_18100283867642818_5572805064197330580_n.jpg?stp=dst-jpg_s150x150_tt6&_nc_cat=103&ccb=7-5&_nc_sid=f7ccc5&efg=eyJ2ZW5jb2RlX3RhZyI6InByb2ZpbGVfcGljLnd3dy4xMDgwLkMzIn0%3D&_nc_ohc=fwYh5xKz_LkQ7kNvwFNHK8G&_nc_oc=Adoe983lw4si2pOpxwu2HsEsYIN4k0MuMGxYocWYBTUjRjZdGSOkOZi-xIxUKxQE0AM&_nc_zt=24&_nc_ht=scontent.cdninstagram.com&_nc_gid=ipYflKwhmL0Bi-th4Idgmg&_nc_ss=705a0&oh=00_AQPGkbuKXcQ5FdOvMf8SCy-bkZmTrh01HJN5a9lTi5kkrw&oe=6ACE5A1C","3970163042905689110","Active","comment","0","0","false","false","false","false","false","false","true","0","37","49276586817","false","false","49276586817","17841449284519573"
"Safia Ysd","safia_ysd","🔥🔥🔥🔥🔥","0","0","2026-08-24T01:39:37.000Z","","false","18087615743268273","","https://scontent.cdninstagram.com/v/t51.82787-19/840034170_17973103779157748_4989154086176850586_n.jpg?stp=dst-jpg_s150x150_tt6&_nc_cat=105&ccb=7-5&_nc_sid=f7ccc5&efg=eyJ2ZW5jb2RlX3RhZyI6InByb2ZpbGVfcGljLnd3dy4xMDgwLkMzIn0%3D&_nc_ohc=LVLBTzUAB_IQ7kNvwGg4x3F&_nc_oc=Adq0mbWxrruXwh661u2ORbJxNyQFojifRAKyfilcBSs-2o4jKPGj6ihYRgCPhDmXltM&_nc_zt=24&_nc_ht=scontent.cdninstagram.com&_nc_gid=ipYflKwhmL0Bi-th4Idgmg&_nc_ss=705a0&oh=00_AQNtKGU60bAM2zMxdZz_fbzRMYTQAqBPu_2CN6DF1Mabxg&oe=6ACE36CA","3970163042905689110","Active","comment","0","0","false","false","false","false","false","false","true","0","38","64585925747","false","true","64585925747","17841464732413240"
"Îmãňë Bøu","imane_bouassou_128","مدن اسولن ربي اهدي مخلق😂","0","0","2026-08-24T00:54:33.000Z","","false","17899945086590891","","https://scontent.cdninstagram.com/v/t51.82787-19/834978213_18131115881502957_6988209038121161472_n.jpg?stp=dst-jpg_s150x150_tt6&_nc_cat=100&ccb=7-5&_nc_sid=f7ccc5&efg=eyJ2ZW5jb2RlX3RhZyI6InByb2ZpbGVfcGljLnd3dy4xMDgwLkMzIn0%3D&_nc_ohc=mgBXix36ScQQ7kNvwG1N5go&_nc_oc=AdpIvGQFFzWmTEwWKPuWc1PzOYvMZRgDYx8oetsH5DHsfjM3nL1DPPXStok1YvRN5e8&_nc_zt=24&_nc_ht=scontent.cdninstagram.com&_nc_gid=ipYflKwhmL0Bi-th4Idgmg&_nc_ss=705a0&oh=00_AQPKk9nARWDmcoDQkn-ccv_mQDRzslduUAqUCIoVnfwvUw&oe=6ACE68AA","3970163042905689110","Active","comment","0","0","false","false","false","false","false","false","true","0","39","45022166956","false","false","45022166956","17841445088697770"
"𝑯𝑨𝑫𝑱𝑬𝑹♕","h_283_kdr","والله غير اناناناني صح 🥲✨","0","0","2026-08-23T23:15:51.000Z","","false","18341264209266949","","https://scontent.cdninstagram.com/v/t51.82787-19/718131711_18074493350673810_5660398298497348344_n.jpg?stp=dst-jpg_s150x150_tt6&_nc_cat=111&ccb=7-5&_nc_sid=f7ccc5&efg=eyJ2ZW5jb2RlX3RhZyI6InByb2ZpbGVfcGljLnd3dy4xMDgwLkMzIn0%3D&_nc_ohc=P7b4XqYAlF8Q7kNvwHWs8RS&_nc_oc=AdrkuoIldJxCdq4CkTuxkE0t1AG6Z3iPUyFvzGAdOVmncAElUE3375DEx8AX_-DzP1E&_nc_zt=24&_nc_ht=scontent.cdninstagram.com&_nc_gid=ipYflKwhmL0Bi-th4Idgmg&_nc_ss=705a0&oh=00_AQMz2swbEu0X04V2IIocGP6ywNbFOG6wmo-6KrhmAYTNgg&oe=6ACE57D8","3970163042905689110","Active","comment","0","0","false","false","false","false","false","false","true","0","40","50309129809","false","false","50309129809","17841450214288641"
"Zina","zinadant","Ils m'ont dit qu'ils ont parlé sur moi...","0","0","2026-08-23T23:08:48.000Z","","false","18019403936858637","","https://scontent.cdninstagram.com/v/t51.2885-19/279707632_1441714999605672_6326221734118804003_n.jpg?stp=dst-jpg_s150x150_tt6&_nc_cat=103&ccb=7-5&_nc_sid=f7ccc5&efg=eyJ2ZW5jb2RlX3RhZyI6InByb2ZpbGVfcGljLnd3dy42MjAuQzMifQ%3D%3D&_nc_ohc=PoDYdWiI_SgQ7kNvwGKTXXY&_nc_oc=Adq64YDwV6gL71QNBGEeonAVftVeMzqqMXlUC5sg6bS0TUuw6vQdV5Hg14JeegODKRo&_nc_zt=24&_nc_ht=scontent.cdninstagram.com&_nc_ss=705a0&oh=00_AQMJJ7JntmfZlpA2gEPhpT1WV1qNA8PIl9qRWrEU6llaWQ&oe=6ACE42F6","3970163042905689110","Active","comment","0","0","false","false","false","false","false","false","true","0","41","53142554578","false","true","53142554578","17841453117352819"
"🥥","f_eyyy___","❤️❤️","0","0","2026-08-23T22:37:11.000Z","","false","17985580608058248","","https://scontent.cdninstagram.com/v/t51.82787-19/825320262_17903792709580634_6085010127638374423_n.jpg?stp=dst-jpg_s150x150_tt6&_nc_cat=110&ccb=7-5&_nc_sid=f7ccc5&efg=eyJ2ZW5jb2RlX3RhZyI6InByb2ZpbGVfcGljLnd3dy4xMDgwLkMzIn0%3D&_nc_ohc=FeBNt_WarTMQ7kNvwGF_57T&_nc_oc=AdrO6IZAVnWBe0nJfBNslq9BaJz9p-pIooRiCiz0QFwBqkDOSuZTP2C_Pep8bKmJmYQ&_nc_zt=24&_nc_ht=scontent.cdninstagram.com&_nc_gid=ipYflKwhmL0Bi-th4Idgmg&_nc_ss=705a0&oh=00_AQMbFvh-efvj6edTYfXza_7EOvy1b60Bvhc_6jM168dthg&oe=6ACE6618","3970163042905689110","Active","comment","0","0","false","false","false","false","false","false","true","0","42","77488836633","false","true","77488836633","17841477419016104"
"owl.9574014","owl.9574014","Ahhh inyd wlh 😂😂","0","0","2026-08-23T22:21:46.000Z","","false","18476955745107631","","https://scontent.cdninstagram.com/v/t51.82787-19/825276490_18067039100602319_4018642377548012247_n.jpg?stp=dst-jpg_s150x150_tt6&_nc_cat=109&ccb=7-5&_nc_sid=f7ccc5&efg=eyJ2ZW5jb2RlX3RhZyI6InByb2ZpbGVfcGljLnd3dy4xMDgwLkMzIn0%3D&_nc_ohc=jcxbF1u-oY0Q7kNvwEYqeX-&_nc_oc=AdqRkpmK9ygjxAjVjAdczH-zWmwX7O3KWfNvYfHyhdQGy4CfmOCYZYHz33cCdYpu59g&_nc_zt=24&_nc_ht=scontent.cdninstagram.com&_nc_gid=ipYflKwhmL0Bi-th4Idgmg&_nc_ss=705a0&oh=00_AQPo5yp5T0XAkp0Mx1c_sJyprUEu9HRC9zH8Gg-Hd4if1g&oe=6ACE5EE9","3970163042905689110","Active","comment","0","0","false","false","false","false","false","false","true","0","43","48043354318","false","true","48043354318","17841448069545419"
"ines","ines_nini17","Formidable bon continuation vivi taqbaylit ❤️","0","0","2026-08-23T22:12:02.000Z","","false","17949952443254367","","https://scontent.cdninstagram.com/v/t51.82787-19/812817346_17903390052595531_9086444255316497718_n.jpg?stp=dst-jpg_s150x150_tt6&_nc_cat=101&ccb=7-5&_nc_sid=f7ccc5&efg=eyJ2ZW5jb2RlX3RhZyI6InByb2ZpbGVfcGljLnd3dy4xMDgwLkMzIn0%3D&_nc_ohc=P6kG0H96peEQ7kNvwFAqo-o&_nc_oc=Adphd4cNLtLy5VdVTzYSYWuM8hhXlyxF8sG6VA98yCCbl69DEYh9bUs1GXez_Be7khk&_nc_zt=24&_nc_ht=scontent.cdninstagram.com&_nc_gid=ipYflKwhmL0Bi-th4Idgmg&_nc_ss=705a0&oh=00_AQPu-3CVFPzb7TFn9GR8V2_BuXjoppEnCzWykqiO4BN0XQ&oe=6ACE38CE","3970163042905689110","Active","comment","0","0","false","false","false","false","false","false","true","0","44","77776539530","false","true","77776539530","17841477865902067"
"Kabyl'Orient by Nora 💫","nora402314","🔥🔥🔥👏","0","0","2026-08-23T19:23:53.000Z","","false","18123950458697341","","https://scontent.cdninstagram.com/v/t51.82787-19/638325654_18026897048612458_824737253629844619_n.jpg?stp=dst-jpg_s150x150_tt6&_nc_cat=111&ccb=7-5&_nc_sid=f7ccc5&efg=eyJ2ZW5jb2RlX3RhZyI6InByb2ZpbGVfcGljLnd3dy4zMjAuQzMifQ%3D%3D&_nc_ohc=34Dtxi8ZYrkQ7kNvwGKxYmA&_nc_oc=Ado9HwVIXiEiviGBM4WFWX94lYNKjmLLxIMK71iddntc2vKXxKR3cBEgzEDJHkTEjVU&_nc_zt=24&_nc_ht=scontent.cdninstagram.com&_nc_gid=UvHqsTbzr4vL9JR2yhyP-Q&_nc_ss=705a0&oh=00_AQONFsm9IWX3wGl5nPMMfqBGlU4BAodW4xFITsVbrgnQhA&oe=6ACE4F52","3970163042905689110","Active","comment","0","0","false","false","false","false","false","false","true","0","45","48315412457","false","false","48315412457","17841448373719426"
"tata","tata37195","Jadoooor❤️👏🔥😍","0","0","2026-08-23T18:59:47.000Z","","false","18116008310479131","","https://scontent.cdninstagram.com/v/t51.89012-19/573323465_1219825463302212_7278921664109726296_n.jpg?stp=dst-jpg_s150x150_tt6&_nc_cat=1&ccb=7-5&_nc_sid=f7ccc5&efg=eyJ2ZW5jb2RlX3RhZyI6InByb2ZpbGVfcGljLnd3dy5DMyJ9&_nc_ohc=nvo3H9UYO1YQ7kNvwFJzeHB&_nc_oc=AdrB9spDUEEw1b_6FrMgmOnOTj7Nl6TYZrlHUMSrscmv10_6H6Th2yBLjRk2ko4w6VY&_nc_zt=24&_nc_ht=scontent.cdninstagram.com&_nc_gid=UvHqsTbzr4vL9JR2yhyP-Q&_nc_ss=705a0&oh=00_AQOZKI1s7MVOVZvFbem2ccCGS3SU0xnvJss6k9HmGmaGRQ&oe=6ACE6462","3970163042905689110","Active","comment","0","0","false","false","false","false","false","false","true","0","46","39097803549","false","false","39097803549","17841438986497225"
"ŁŤNĞ","lamin_311246","Ayaxniw","0","0","2026-08-23T18:50:17.000Z","","false","18098413712366010","","https://scontent.cdninstagram.com/v/t51.82787-19/755809932_18099108950154639_8187190573693394054_n.jpg?stp=dst-jpg_s150x150_tt6&_nc_cat=106&ccb=7-5&_nc_sid=f7ccc5&efg=eyJ2ZW5jb2RlX3RhZyI6InByb2ZpbGVfcGljLnd3dy44NDcuQzMifQ%3D%3D&_nc_ohc=VNQ89UrRq4IQ7kNvwGoGqeg&_nc_oc=AdorjqeMSIdFE7rI-JoTyd1Fv50CwO0nPFw2p6OwknC0nCEASLLfbVsdU9E9VhEyG30&_nc_zt=24&_nc_ht=scontent.cdninstagram.com&_nc_gid=UvHqsTbzr4vL9JR2yhyP-Q&_nc_ss=705a0&oh=00_AQNoHkT0pr0IEsPnoeIAuqH90-NCRtAPVFlsr0Q4JpdY6A&oe=6ACE6725","3970163042905689110","Active","comment","0","0","false","false","false","false","false","false","true","0","47","34725482638","false","true","34725482638","17841434639160685"
"𝑽𝒆𝒍𝒐𝒖𝒓𝒂","laprincesse2104","Temlah ❤️❤️❤️🔥","0","0","2026-08-23T17:37:51.000Z","","false","17897586786375928","","https://scontent.cdninstagram.com/v/t51.82787-19/791889169_17974719903102345_3729483241887859225_n.jpg?stp=dst-jpg_s150x150_tt6&_nc_cat=109&ccb=7-5&_nc_sid=f7ccc5&efg=eyJ2ZW5jb2RlX3RhZyI6InByb2ZpbGVfcGljLnd3dy4xMDgwLkMzIn0%3D&_nc_ohc=Wml8xbIg8hMQ7kNvwENXIG1&_nc_oc=AdrFZgibcg2sk6K_T8aOF9aIweREElUNHqo-6HjXfAk9dOQtc8203qxRKlK-bOGwzhA&_nc_zt=24&_nc_ht=scontent.cdninstagram.com&_nc_gid=UvHqsTbzr4vL9JR2yhyP-Q&_nc_ss=705a0&oh=00_AQO9DtTw6Nptr3I6-G_BvX0rBNPyZT8dDbRYgsp8xDyeTw&oe=6ACE3A52","3970163042905689110","Active","comment","0","0","false","false","false","false","false","false","true","0","48","63029294344","false","true","63029294344","17841463070338661"
"anyst.asi","anyst.asi","Fehmagh akken ilaq ♓️😏","0","0","2026-08-23T17:11:24.000Z","","false","17956674125997154","","https://scontent.cdninstagram.com/v/t51.82787-19/788948721_17906387637534803_22965168744564080_n.jpg?stp=dst-jpg_s150x150_tt6&_nc_cat=106&ccb=7-5&_nc_sid=f7ccc5&efg=eyJ2ZW5jb2RlX3RhZyI6InByb2ZpbGVfcGljLnd3dy4xMDgwLkMzIn0%3D&_nc_ohc=xDE1LNP40L4Q7kNvwFINuik&_nc_oc=Ado5eMo1MKk5Yk52evtLx6LxDrpc0UFyLfoUOJ5xIU8t5z5z-Zrj9ij8ueq9JEeHWsI&_nc_zt=24&_nc_ht=scontent.cdninstagram.com&_nc_gid=UvHqsTbzr4vL9JR2yhyP-Q&_nc_ss=705a0&oh=00_AQNu_MxdeITw1bcG_ZXPhUT3YNAestnttgCd3ORcVfM8Yw&oe=6ACE5F4E","3970163042905689110","Active","comment","0","0","false","false","false","false","true","false","true","0","49","75931446802","false","false","75931446802","17841476044071430"
"","","… 23 more comments not included in this free sample — unlock all 101 at https://zocialcomment.com/export/e55df077-c7c8-452b-bb74-72c33a59070e","","","","","","","","","","","","","","","","","","","","","","","","","","",""